both,row,col,6oct,23nov,30nov,28dec
0000,00,00,null,null,null,null
0001,00,01,null,null,null,null
0002,00,02,null,null,null,null
0003,00,03,null,null,null,null
0004,00,04,null,null,null,null
0005,00,05,null,null,null,null
0006,00,06,null,null,null,null
0007,00,07,null,null,null,null
0008,00,08,null,null,null,null
0009,00,09,null,null,null,null
0010,00,10,null,null,null,null
0011,00,11,null,null,null,null
0012,00,12,null,null,null,null
0013,00,13,null,null,null,null
0014,00,14,null,null,null,null
0015,00,15,null,null,null,null
0016,00,16,null,null,null,null
0017,00,17,null,null,null,null
0018,00,18,null,null,null,null
0019,00,19,null,null,null,null
0020,00,20,null,null,null,null
0021,00,21,null,null,null,null
0022,00,22,null,null,null,null
0023,00,23,null,null,null,null
0024,00,24,null,null,null,null
0025,00,25,97.8,18.16666667,37,76
0026,00,26,null,null,null,null
0027,00,27,null,null,null,null
0028,00,28,null,null,null,null
0029,00,29,null,null,null,null
0030,00,30,null,null,null,null
0031,00,31,null,null,null,null
0032,00,32,null,null,null,null
0100,01,00,null,null,null,null
0101,01,01,null,null,null,null
0102,01,02,null,null,null,null
0103,01,03,null,null,null,null
0104,01,04,null,null,null,null
0105,01,05,null,null,null,null
0106,01,06,null,null,null,null
0107,01,07,null,null,null,null
0108,01,08,null,null,null,null
0109,01,09,null,null,null,null
0110,01,10,null,null,null,null
0111,01,11,null,null,null,null
0112,01,12,null,null,null,null
0113,01,13,null,null,null,null
0114,01,14,null,null,null,null
0115,01,15,null,null,null,null
0116,01,16,null,null,null,null
0117,01,17,null,null,null,null
0118,01,18,null,null,null,null
0119,01,19,null,null,null,null
0120,01,20,null,null,null,null
0121,01,21,null,null,null,null
0122,01,22,null,null,null,null
0123,01,23,null,null,null,null
0124,01,24,null,null,null,null
0125,01,25,108.3,17.5,39.25,67.5
0126,01,26,106.1111111,18.66666667,44,83
0127,01,27,null,null,null,null
0128,01,28,null,null,null,null
0129,01,29,null,null,null,null
0130,01,30,null,null,null,null
0131,01,31,null,null,null,null
0132,01,32,null,null,null,null
0200,02,00,null,null,null,null
0201,02,01,null,null,null,null
0202,02,02,null,null,null,null
0203,02,03,null,null,null,null
0204,02,04,null,null,null,null
0205,02,05,null,null,null,null
0206,02,06,null,null,null,null
0207,02,07,null,null,null,null
0208,02,08,null,null,null,null
0209,02,09,null,null,null,null
0210,02,10,null,null,null,null
0211,02,11,null,null,null,null
0212,02,12,null,null,null,null
0213,02,13,null,null,null,null
0214,02,14,null,null,null,null
0215,02,15,null,null,null,null
0216,02,16,null,null,null,null
0217,02,17,null,null,null,null
0218,02,18,null,null,null,null
0219,02,19,null,null,null,null
0220,02,20,null,null,null,null
0221,02,21,null,null,null,null
0222,02,22,null,null,null,null
0223,02,23,null,null,null,null
0224,02,24,106.7083333,19.83333333,33.66666667,70.83333333
0225,02,25,110.7933333,17.16666667,38.16666667,71.5
0226,02,26,106.7222222,18.22222222,38.88888889,73.22222222
0227,02,27,109.4166667,18.66666667,41,79.66666667
0228,02,28,109.8555556,21.88888889,50.11111111,86.22222222
0229,02,29,null,null,null,null
0230,02,30,null,null,null,null
0231,02,31,null,null,null,null
0232,02,32,null,null,null,null
0300,03,00,null,null,null,null
0301,03,01,null,null,null,null
0302,03,02,null,null,null,null
0303,03,03,null,null,null,null
0304,03,04,null,null,null,null
0305,03,05,null,null,null,null
0306,03,06,null,null,null,null
0307,03,07,null,null,null,null
0308,03,08,null,null,null,null
0309,03,09,null,null,null,null
0310,03,10,null,null,null,null
0311,03,11,null,null,null,null
0312,03,12,null,null,null,null
0313,03,13,null,null,null,null
0314,03,14,null,null,null,null
0315,03,15,null,null,null,null
0316,03,16,null,null,null,null
0317,03,17,null,null,null,null
0318,03,18,null,null,null,null
0319,03,19,null,null,null,null
0320,03,20,null,null,null,null
0321,03,21,null,null,null,null
0322,03,22,null,null,null,null
0323,03,23,120.4333333,22.33333333,31.5,63.33333333
0324,03,24,129.9,20,40.25,72.5
0325,03,25,116.2666667,17,39,73.5
0326,03,26,115.2,17.16666667,35.66666667,72.5
0327,03,27,115.45,17.5,38,69.75
0328,03,28,115.2333333,20.5,43.33333333,80.83333333
0329,03,29,111.15,40,81,145.75
0330,03,30,null,null,null,null
0331,03,31,null,null,null,null
0332,03,32,null,null,null,null
0400,04,00,null,null,null,null
0401,04,01,null,null,null,null
0402,04,02,null,null,null,null
0403,04,03,null,null,null,null
0404,04,04,null,null,null,null
0405,04,05,null,null,null,null
0406,04,06,null,null,null,null
0407,04,07,null,null,null,null
0408,04,08,null,null,null,null
0409,04,09,null,null,null,null
0410,04,10,null,null,null,null
0411,04,11,null,null,null,null
0412,04,12,null,null,null,null
0413,04,13,null,null,null,null
0414,04,14,null,null,null,null
0415,04,15,null,null,null,null
0416,04,16,null,null,null,null
0417,04,17,null,null,null,null
0418,04,18,null,null,null,null
0419,04,19,null,null,null,null
0420,04,20,null,null,null,null
0421,04,21,null,null,null,null
0422,04,22,null,null,null,null
0423,04,23,152.3,18.66666667,36.33333333,69.16666667
0424,04,24,141,18,38.25,79
0425,04,25,139.9166667,16,37,66
0426,04,26,131.8333333,18.83333333,37.5,66.33333333
0427,04,27,115.2833333,17.25,36,74
0428,04,28,133.2666667,19,43,80.16666667
0429,04,29,122.3,21,46.5,96.5
0430,04,30,165.2666667,45,97,163.75
0431,04,31,null,null,null,null
0432,04,32,null,null,null,null
0500,05,00,null,null,null,null
0501,05,01,null,null,null,null
0502,05,02,null,null,null,null
0503,05,03,null,null,null,null
0504,05,04,null,null,null,null
0505,05,05,null,null,null,null
0506,05,06,null,null,null,null
0507,05,07,null,null,null,null
0508,05,08,null,null,null,null
0509,05,09,null,null,null,null
0510,05,10,null,null,null,null
0511,05,11,null,null,null,null
0512,05,12,null,null,null,null
0513,05,13,null,null,null,null
0514,05,14,null,null,null,null
0515,05,15,null,null,null,null
0516,05,16,null,null,null,null
0517,05,17,null,null,null,null
0518,05,18,null,null,null,null
0519,05,19,null,null,null,null
0520,05,20,null,null,null,null
0521,05,21,null,null,null,null
0522,05,22,186.8,14.5,35.5,70.5
0523,05,23,171.3333333,15.11111111,38,65.22222222
0524,05,24,140.45,22.5,38.33333333,67.66666667
0525,05,25,129.7333333,108.1666667,37,65.33333333
0526,05,26,148.5777778,79.55555556,41.66666667,70.66666667
0527,05,27,147.3,20,37.33333333,76.66666667
0528,05,28,130.2777778,18.44444444,41.77777778,74.55555556
0529,05,29,127.05,56.66666667,42.16666667,79
0530,05,30,119.3,21.5,44.5,83
0531,05,31,110.1944444,20.66666667,48,90.44444444
0532,05,32,null,null,null,null
0600,06,00,null,null,null,null
0601,06,01,null,null,null,null
0602,06,02,null,null,null,null
0603,06,03,null,null,null,null
0604,06,04,null,null,null,null
0605,06,05,null,null,null,null
0606,06,06,null,null,null,null
0607,06,07,null,null,null,null
0608,06,08,null,null,null,null
0609,06,09,null,null,null,null
0610,06,10,null,null,null,null
0611,06,11,null,null,null,null
0612,06,12,null,null,null,null
0613,06,13,null,null,null,null
0614,06,14,null,null,null,null
0615,06,15,null,null,null,null
0616,06,16,null,null,null,null
0617,06,17,null,null,null,null
0618,06,18,null,null,null,null
0619,06,19,null,null,null,null
0620,06,20,null,null,null,null
0621,06,21,132.4666667,12,28.25,67.5
0622,06,22,188,15.75,36.75,81.25
0623,06,23,178.8666667,16,37.5,61.66666667
0624,06,24,143.5,19.75,39,66.5
0625,06,25,138.2666667,85.25,36,66
0626,06,26,146.6833333,29,57,69.66666667
0627,06,27,164.9333333,23.5,48,75
0628,06,28,125.7666667,20.16666667,42.16666667,69.66666667
0629,06,29,128.8666667,17.25,37,76.25
0630,06,30,123.8666667,17.5,40,75
0631,06,31,113.7333333,18.66666667,42.66666667,84
0632,06,32,108.2611111,27.25,49.25,99.5
0700,07,00,null,null,null,null
0701,07,01,null,null,null,null
0702,07,02,null,null,null,null
0703,07,03,null,null,null,null
0704,07,04,null,null,null,null
0705,07,05,null,null,null,null
0706,07,06,null,null,null,null
0707,07,07,null,null,null,null
0708,07,08,null,null,null,null
0709,07,09,null,null,null,null
0710,07,10,null,null,null,null
0711,07,11,null,null,null,null
0712,07,12,null,null,null,null
0713,07,13,null,null,null,null
0714,07,14,null,null,null,null
0715,07,15,null,null,null,null
0716,07,16,null,null,null,null
0717,07,17,null,null,null,null
0718,07,18,null,null,null,null
0719,07,19,null,null,null,null
0720,07,20,143.6,12.33333333,25.83333333,73.83333333
0721,07,21,171.7833333,20,35.75,58
0722,07,22,194,15,40.25,63.25
0723,07,23,166.6333333,15,38.33333333,63.16666667
0724,07,24,134.55,13.25,39.25,65
0725,07,25,135.15,17.25,39.5,70.25
0726,07,26,141.1,26,79.83333333,70.83333333
0727,07,27,138.7944444,62,77.5,72.25
0728,07,28,113.7,20,43.33333333,69.83333333
0729,07,29,118.0333333,17.75,38.5,70.75
0730,07,30,116.8857143,17.5,39,75.25
0731,07,31,108.1666667,18.33333333,45,82.33333333
0732,07,32,null,null,null,null
0800,08,00,null,null,null,null
0801,08,01,null,null,null,null
0802,08,02,null,null,null,null
0803,08,03,null,null,null,null
0804,08,04,null,null,null,null
0805,08,05,null,null,null,null
0806,08,06,null,null,null,null
0807,08,07,null,null,null,null
0808,08,08,null,null,null,null
0809,08,09,null,null,null,null
0810,08,10,null,null,null,null
0811,08,11,null,null,null,null
0812,08,12,null,null,null,null
0813,08,13,null,null,null,null
0814,08,14,null,null,null,null
0815,08,15,null,null,null,null
0816,08,16,null,null,null,null
0817,08,17,null,null,null,null
0818,08,18,null,null,null,null
0819,08,19,null,null,null,null
0820,08,20,237.3555556,14.77777778,36,81.11111111
0821,08,21,197.0333333,16.33333333,40.5,73.83333333
0822,08,22,199.4333333,19.5,40.16666667,76.5
0823,08,23,151.0888889,17.11111111,38.66666667,71.77777778
0824,08,24,128.3666667,13.5,40,68.83333333
0825,08,25,120.55,15,39,73.16666667
0826,08,26,122.4444444,15.33333333,40.55555556,71.88888889
0827,08,27,116.1,15.66666667,44.16666667,69.66666667
0828,08,28,99.47222222,14.66666667,38.33333333,71.55555556
0829,08,29,99.96666667,16.33333333,39,70.66666667
0830,08,30,103.3666667,16.5,37,76.5
0831,08,31,105.5555556,18.55555556,45.22222222,85.55555556
0832,08,32,null,null,null,null
0900,09,00,null,null,null,null
0901,09,01,null,null,null,null
0902,09,02,null,null,null,null
0903,09,03,null,null,null,null
0904,09,04,null,null,null,null
0905,09,05,null,null,null,null
0906,09,06,null,null,null,null
0907,09,07,null,null,null,null
0908,09,08,null,null,null,null
0909,09,09,null,null,null,null
0910,09,10,null,null,null,null
0911,09,11,null,null,null,null
0912,09,12,null,null,null,null
0913,09,13,null,null,null,null
0914,09,14,null,null,null,null
0915,09,15,null,null,null,null
0916,09,16,null,null,null,null
0917,09,17,null,null,null,null
0918,09,18,null,null,null,null
0919,09,19,200.025,14,34,59
0920,09,20,209.0333333,25.33333333,46.83333333,72
0921,09,21,158.9166667,20.25,40.25,70
0922,09,22,150.15,19.25,44.75,69.5
0923,09,23,148.6333333,17.83333333,43,72.33333333
0924,09,24,154.45,17,35.5,76.25
0925,09,25,128.0833333,15.75,34.5,74
0926,09,26,120.3666667,15.5,36.33333333,71.83333333
0927,09,27,125.7166667,15,36.75,75.25
0928,09,28,105.4,15.33333333,37,72.83333333
0929,09,29,104.6333333,17.75,41.5,76.25
0930,09,30,null,null,null,null
0931,09,31,null,null,null,null
0932,09,32,null,null,null,null
1000,10,00,null,null,null,null
1001,10,01,null,null,null,null
1002,10,02,null,null,null,null
1003,10,03,null,null,null,null
1004,10,04,null,null,null,null
1005,10,05,null,null,null,null
1006,10,06,null,null,null,null
1007,10,07,null,null,null,null
1008,10,08,null,null,null,null
1009,10,09,null,null,null,null
1010,10,10,null,null,null,null
1011,10,11,null,null,null,null
1012,10,12,null,null,null,null
1013,10,13,null,null,null,null
1014,10,14,null,null,null,null
1015,10,15,null,null,null,null
1016,10,16,null,null,null,null
1017,10,17,null,null,null,null
1018,10,18,131.75,13.5,30.25,64
1019,10,19,153.4666667,14,36,65
1020,10,20,165.65,15,55,72.33333333
1021,10,21,157.3,21.25,41.25,89.25
1022,10,22,136.7,18.5,43.5,69
1023,10,23,155.8,17.16666667,42.5,73.16666667
1024,10,24,159.2,15.25,37.5,76.5
1025,10,25,140.5,15,38.5,75.5
1026,10,26,111.0833333,16,37.66666667,72.66666667
1027,10,27,112.1,16,38.75,75.25
1028,10,28,null,null,null,null
1029,10,29,null,null,null,null
1030,10,30,null,null,null,null
1031,10,31,null,null,null,null
1032,10,32,null,null,null,null
1100,11,00,null,null,null,null
1101,11,01,null,null,null,null
1102,11,02,null,null,null,null
1103,11,03,null,null,null,null
1104,11,04,null,null,null,null
1105,11,05,null,null,null,null
1106,11,06,null,null,null,null
1107,11,07,null,null,null,null
1108,11,08,null,null,null,null
1109,11,09,null,null,null,null
1110,11,10,null,null,null,null
1111,11,11,null,null,null,null
1112,11,12,null,null,null,null
1113,11,13,null,null,null,null
1114,11,14,null,null,null,null
1115,11,15,null,null,null,null
1116,11,16,null,null,null,null
1117,11,17,108.0355556,14.44444444,26.22222222,56.66666667
1118,11,18,123.02,23.5,34,68.5
1119,11,19,140.9333333,16,36.33333333,67.16666667
1120,11,20,135.7111111,15.88888889,35.66666667,64.22222222
1121,11,21,145.6,15.33333333,38.66666667,69.16666667
1122,11,22,137.45,13.66666667,40.16666667,71
1123,11,23,142.1111111,14.55555556,37,70.66666667
1124,11,24,152.55,14.16666667,37.83333333,76.5
1125,11,25,133.1666667,14.66666667,38.33333333,79
1126,11,26,null,null,null,null
1127,11,27,null,null,null,null
1128,11,28,null,null,null,null
1129,11,29,null,null,null,null
1130,11,30,null,null,null,null
1131,11,31,null,null,null,null
1132,11,32,null,null,null,null
1200,12,00,null,null,null,null
1201,12,01,null,null,null,null
1202,12,02,null,null,null,null
1203,12,03,null,null,null,null
1204,12,04,null,null,null,null
1205,12,05,null,null,null,null
1206,12,06,null,null,null,null
1207,12,07,null,null,null,null
1208,12,08,null,null,null,null
1209,12,09,null,null,null,null
1210,12,10,null,null,null,null
1211,12,11,null,null,null,null
1212,12,12,null,null,null,null
1213,12,13,null,null,null,null
1214,12,14,null,null,null,null
1215,12,15,null,null,null,null
1216,12,16,108.4333333,13.75,25.75,56.5
1217,12,17,114.7333333,21.83333333,36.16666667,68.5
1218,12,18,145.2,15.5,35.5,65
1219,12,19,119.3,16,37,65
1220,12,20,134.5333333,14.83333333,37.33333333,72.66666667
1221,12,21,131.5666667,13.5,36.5,67
1222,12,22,125.8,11.5,32,69
1223,12,23,169.7,13.16666667,35.83333333,71.33333333
1224,12,24,123.95,14.5,37,79.75
1225,12,25,null,null,null,null
1226,12,26,null,null,null,null
1227,12,27,null,null,null,null
1228,12,28,null,null,null,null
1229,12,29,null,null,null,null
1230,12,30,null,null,null,null
1231,12,31,null,null,null,null
1232,12,32,null,null,null,null
1300,13,00,null,null,null,null
1301,13,01,null,null,null,null
1302,13,02,null,null,null,null
1303,13,03,null,null,null,null
1304,13,04,null,null,null,null
1305,13,05,null,null,null,null
1306,13,06,null,null,null,null
1307,13,07,null,null,null,null
1308,13,08,null,null,null,null
1309,13,09,null,null,null,null
1310,13,10,null,null,null,null
1311,13,11,null,null,null,null
1312,13,12,null,null,null,null
1313,13,13,null,null,null,null
1314,13,14,null,null,null,null
1315,13,15,null,null,null,null
1316,13,16,127.1,15.16666667,37.16666667,58.5
1317,13,17,132.1666667,17.66666667,36.88888889,62.22222222
1318,13,18,131.4333333,17.33333333,34.5,67.5
1319,13,19,117.3,17.66666667,35.66666667,65.33333333
1320,13,20,116.2711111,16.33333333,55.55555556,72.66666667
1321,13,21,109.5666667,13.66666667,67.33333333,69.5
1322,13,22,112.6333333,16,37.33333333,70.66666667
1323,13,23,132.6666667,14.44444444,39.66666667,71
1324,13,24,109.6,16.5,42,80
1325,13,25,null,null,null,null
1326,13,26,null,null,null,null
1327,13,27,null,null,null,null
1328,13,28,null,null,null,null
1329,13,29,null,null,null,null
1330,13,30,null,null,null,null
1331,13,31,null,null,null,null
1332,13,32,null,null,null,null
1400,14,00,null,null,null,null
1401,14,01,null,null,null,null
1402,14,02,null,null,null,null
1403,14,03,null,null,null,null
1404,14,04,null,null,null,null
1405,14,05,null,null,null,null
1406,14,06,null,null,null,null
1407,14,07,null,null,null,null
1408,14,08,null,null,null,null
1409,14,09,null,null,null,null
1410,14,10,null,null,null,null
1411,14,11,null,null,null,null
1412,14,12,null,null,null,null
1413,14,13,null,null,null,null
1414,14,14,null,null,null,null
1415,14,15,101.55,14,29.66666667,58
1416,14,16,108.7,15,34.75,60.5
1417,14,17,108.9666667,13.66666667,33.83333333,58.66666667
1418,14,18,114.1166667,13.5,30.5,64
1419,14,19,117.05,14,33.5,62.5
1420,14,20,105.6083333,15,36.5,68.33333333
1421,14,21,105.075,16,36.5,69.5
1422,14,22,104.7285714,44.25,35.5,66
1423,14,23,null,null,null,null
1424,14,24,null,null,null,null
1425,14,25,null,null,null,null
1426,14,26,null,null,null,null
1427,14,27,null,null,null,null
1428,14,28,null,null,null,null
1429,14,29,null,null,null,null
1430,14,30,null,null,null,null
1431,14,31,null,null,null,null
1432,14,32,null,null,null,null
1500,15,00,null,null,null,null
1501,15,01,null,null,null,null
1502,15,02,null,null,null,null
1503,15,03,null,null,null,null
1504,15,04,null,null,null,null
1505,15,05,null,null,null,null
1506,15,06,null,null,null,null
1507,15,07,null,null,null,null
1508,15,08,null,null,null,null
1509,15,09,null,null,null,null
1510,15,10,null,null,null,null
1511,15,11,null,null,null,null
1512,15,12,null,null,null,null
1513,15,13,null,null,null,null
1514,15,14,104.275,13.25,25.75,53
1515,15,15,106.7,19.66666667,33.33333333,59.83333333
1516,15,16,129.8166667,15.75,43.5,64
1517,15,17,126.0666667,14.33333333,35.33333333,61.66666667
1518,15,18,113.0222222,14.5,33,65
1519,15,19,106,15,32,66.5
1520,15,20,97.06666667,15.66666667,37.66666667,70.33333333
1521,15,21,100.75,36,44.5,76.5
1522,15,22,98.26666667,37.5,41.25,79.75
1523,15,23,null,null,null,null
1524,15,24,null,null,null,null
1525,15,25,null,null,null,null
1526,15,26,null,null,null,null
1527,15,27,null,null,null,null
1528,15,28,null,null,null,null
1529,15,29,null,null,null,null
1530,15,30,null,null,null,null
1531,15,31,null,null,null,null
1532,15,32,null,null,null,null
1600,16,00,null,null,null,null
1601,16,01,null,null,null,null
1602,16,02,null,null,null,null
1603,16,03,null,null,null,null
1604,16,04,null,null,null,null
1605,16,05,null,null,null,null
1606,16,06,null,null,null,null
1607,16,07,null,null,null,null
1608,16,08,null,null,null,null
1609,16,09,null,null,null,null
1610,16,10,null,null,null,null
1611,16,11,null,null,null,null
1612,16,12,null,null,null,null
1613,16,13,97.33333333,12.33333333,28.83333333,57.83333333
1614,16,14,109.552381,14.83333333,32.66666667,57.83333333
1615,16,15,120.6,21.22222222,36.22222222,66.11111111
1616,16,16,140.4666667,17.33333333,44.33333333,67.33333333
1617,16,17,133.9388889,14.66666667,37.55555556,62.88888889
1618,16,18,107.7333333,13.66666667,37.66666667,64.66666667
1619,16,19,108.7333333,14,37,64.33333333
1620,16,20,97.56666667,15.88888889,40,69.11111111
1621,16,21,91.7,15.83333333,40.66666667,78
1622,16,22,null,null,null,null
1623,16,23,null,null,null,null
1624,16,24,null,null,null,null
1625,16,25,null,null,null,null
1626,16,26,null,null,null,null
1627,16,27,null,null,null,null
1628,16,28,null,null,null,null
1629,16,29,null,null,null,null
1630,16,30,null,null,null,null
1631,16,31,null,null,null,null
1632,16,32,null,null,null,null
1700,17,00,null,null,null,null
1701,17,01,null,null,null,null
1702,17,02,null,null,null,null
1703,17,03,null,null,null,null
1704,17,04,null,null,null,null
1705,17,05,null,null,null,null
1706,17,06,null,null,null,null
1707,17,07,null,null,null,null
1708,17,08,null,null,null,null
1709,17,09,null,null,null,null
1710,17,10,null,null,null,null
1711,17,11,null,null,null,null
1712,17,12,94.56666667,12.33333333,29.33333333,69.16666667
1713,17,13,104.8,14.5,33.5,62.5
1714,17,14,108.9,15,34.5,72.25
1715,17,15,127.95,25.66666667,40.5,71.83333333
1716,17,16,154.4166667,19.25,41.75,68.25
1717,17,17,118.8166667,16.33333333,38.16666667,65.16666667
1718,17,18,100.4333333,12.25,33,61
1719,17,19,87.3,15,34,67.5
1720,17,20,null,null,null,null
1721,17,21,null,null,null,null
1722,17,22,null,null,null,null
1723,17,23,null,null,null,null
1724,17,24,null,null,null,null
1725,17,25,null,null,null,null
1726,17,26,null,null,null,null
1727,17,27,null,null,null,null
1728,17,28,null,null,null,null
1729,17,29,null,null,null,null
1730,17,30,null,null,null,null
1731,17,31,null,null,null,null
1732,17,32,null,null,null,null
1800,18,00,null,null,null,null
1801,18,01,null,null,null,null
1802,18,02,null,null,null,null
1803,18,03,null,null,null,null
1804,18,04,null,null,null,null
1805,18,05,null,null,null,null
1806,18,06,null,null,null,null
1807,18,07,null,null,null,null
1808,18,08,null,null,null,null
1809,18,09,null,null,null,null
1810,18,10,null,null,null,null
1811,18,11,null,null,null,null
1812,18,12,102.2333333,14.33333333,36.5,85.83333333
1813,18,13,108.5,16.25,39.75,95
1814,18,14,113.8666667,13.75,36.75,76.75
1815,18,15,142.5833333,20.16666667,39.5,79.33333333
1816,18,16,127.9333333,14.5,39.25,73
1817,18,17,99.61666667,14.66666667,35.5,68.33333333
1818,18,18,104.6166667,15,35.25,68.5
1819,18,19,90.9,15.5,36.5,67.5
1820,18,20,null,null,null,null
1821,18,21,null,null,null,null
1822,18,22,null,null,null,null
1823,18,23,null,null,null,null
1824,18,24,null,null,null,null
1825,18,25,null,null,null,null
1826,18,26,null,null,null,null
1827,18,27,null,null,null,null
1828,18,28,null,null,null,null
1829,18,29,null,null,null,null
1830,18,30,null,null,null,null
1831,18,31,null,null,null,null
1832,18,32,null,null,null,null
1900,19,00,null,null,null,null
1901,19,01,null,null,null,null
1902,19,02,null,null,null,null
1903,19,03,null,null,null,null
1904,19,04,null,null,null,null
1905,19,05,null,null,null,null
1906,19,06,null,null,null,null
1907,19,07,null,null,null,null
1908,19,08,null,null,null,null
1909,19,09,null,null,null,null
1910,19,10,null,null,null,null
1911,19,11,107.8333333,15,33.66666667,71
1912,19,12,112.0666667,17.22222222,52,75.77777778
1913,19,13,121.45,67,93.66666667,123
1914,19,14,118.4,16.33333333,42,69.83333333
1915,19,15,113.85,13,36.33333333,70.88888889
1916,19,16,106.5,13.16666667,34.16666667,69.16666667
1917,19,17,96.22222222,15.11111111,35.77777778,73.22222222
1918,19,18,95,15,38.83333333,71.83333333
1919,19,19,null,null,null,null
1920,19,20,null,null,null,null
1921,19,21,null,null,null,null
1922,19,22,null,null,null,null
1923,19,23,null,null,null,null
1924,19,24,null,null,null,null
1925,19,25,null,null,null,null
1926,19,26,null,null,null,null
1927,19,27,null,null,null,null
1928,19,28,null,null,null,null
1929,19,29,null,null,null,null
1930,19,30,null,null,null,null
1931,19,31,null,null,null,null
1932,19,32,null,null,null,null
2000,20,00,null,null,null,null
2001,20,01,null,null,null,null
2002,20,02,null,null,null,null
2003,20,03,null,null,null,null
2004,20,04,null,null,null,null
2005,20,05,null,null,null,null
2006,20,06,null,null,null,null
2007,20,07,null,null,null,null
2008,20,08,null,null,null,null
2009,20,09,null,null,null,null
2010,20,10,102.35,14.5,30,57.5
2011,20,11,105.15,13.5,37.5,62
2012,20,12,114.8666667,15.16666667,39.33333333,74.5
2013,20,13,123.55,52.5,38,74.25
2014,20,14,109.1666667,16.5,36,76.5
2015,20,15,93.46666667,16,37,72.83333333
2016,20,16,94.96666667,14.75,35.5,69.25
2017,20,17,null,null,null,null
2018,20,18,null,null,null,null
2019,20,19,null,null,null,null
2020,20,20,null,null,null,null
2021,20,21,null,null,null,null
2022,20,22,null,null,null,null
2023,20,23,null,null,null,null
2024,20,24,null,null,null,null
2025,20,25,null,null,null,null
2026,20,26,null,null,null,null
2027,20,27,null,null,null,null
2028,20,28,null,null,null,null
2029,20,29,null,null,null,null
2030,20,30,null,null,null,null
2031,20,31,null,null,null,null
2032,20,32,null,null,null,null
2100,21,00,null,null,null,null
2101,21,01,null,null,null,null
2102,21,02,null,null,null,null
2103,21,03,null,null,null,null
2104,21,04,null,null,null,null
2105,21,05,null,null,null,null
2106,21,06,null,null,null,null
2107,21,07,null,null,null,null
2108,21,08,null,null,null,null
2109,21,09,105.5333333,13.5,29.83333333,60.66666667
2110,21,10,98.88333333,14,34,64.75
2111,21,11,105.35,13,34,62.5
2112,21,12,120.2333333,15.33333333,35.5,67.16666667
2113,21,13,109.3,16.5,41,68.5
2114,21,14,111.9,15.25,36,67
2115,21,15,93.96666667,15.33333333,35,70.5
2116,21,16,84.84444444,18,38,74
2117,21,17,null,null,null,null
2118,21,18,null,null,null,null
2119,21,19,null,null,null,null
2120,21,20,null,null,null,null
2121,21,21,null,null,null,null
2122,21,22,null,null,null,null
2123,21,23,null,null,null,null
2124,21,24,null,null,null,null
2125,21,25,null,null,null,null
2126,21,26,null,null,null,null
2127,21,27,null,null,null,null
2128,21,28,null,null,null,null
2129,21,29,null,null,null,null
2130,21,30,null,null,null,null
2131,21,31,null,null,null,null
2132,21,32,null,null,null,null
2200,22,00,null,null,null,null
2201,22,01,null,null,null,null
2202,22,02,null,null,null,null
2203,22,03,null,null,null,null
2204,22,04,null,null,null,null
2205,22,05,null,null,null,null
2206,22,06,null,null,null,null
2207,22,07,null,null,null,null
2208,22,08,100.06,16,32.66666667,63.16666667
2209,22,09,96.31111111,15.44444444,33.66666667,66.11111111
2210,22,10,93.71904762,16,36.66666667,66.16666667
2211,22,11,100.9583333,14.16666667,37,65
2212,22,12,104.6222222,14,37.22222222,65.33333333
2213,22,13,89.6,14.83333333,32,65.5
2214,22,14,93.91666667,13.83333333,34.5,69
2215,22,15,85.32222222,15.66666667,37.11111111,74.55555556
2216,22,16,null,null,null,null
2217,22,17,null,null,null,null
2218,22,18,null,null,null,null
2219,22,19,null,null,null,null
2220,22,20,null,null,null,null
2221,22,21,null,null,null,null
2222,22,22,null,null,null,null
2223,22,23,null,null,null,null
2224,22,24,null,null,null,null
2225,22,25,null,null,null,null
2226,22,26,null,null,null,null
2227,22,27,null,null,null,null
2228,22,28,null,null,null,null
2229,22,29,null,null,null,null
2230,22,30,null,null,null,null
2231,22,31,null,null,null,null
2232,22,32,null,null,null,null
2300,23,00,null,null,null,null
2301,23,01,null,null,null,null
2302,23,02,null,null,null,null
2303,23,03,null,null,null,null
2304,23,04,null,null,null,null
2305,23,05,null,null,null,null
2306,23,06,null,null,null,null
2307,23,07,95.12222222,14.5,33.5,61.25
2308,23,08,92.8,16,38,70
2309,23,09,94.56666667,16.66666667,36.83333333,69.5
2310,23,10,104.3,16.25,38,71.75
2311,23,11,118.9666667,19.75,37.75,67
2312,23,12,95.53333333,12.83333333,36.33333333,68.16666667
2313,23,13,86.33,14,35.5,65.5
2314,23,14,82.86666667,15,41.5,76
2315,23,15,null,null,null,null
2316,23,16,null,null,null,null
2317,23,17,null,null,null,null
2318,23,18,null,null,null,null
2319,23,19,null,null,null,null
2320,23,20,null,null,null,null
2321,23,21,null,null,null,null
2322,23,22,null,null,null,null
2323,23,23,null,null,null,null
2324,23,24,null,null,null,null
2325,23,25,null,null,null,null
2326,23,26,null,null,null,null
2327,23,27,null,null,null,null
2328,23,28,null,null,null,null
2329,23,29,null,null,null,null
2330,23,30,null,null,null,null
2331,23,31,null,null,null,null
2332,23,32,null,null,null,null
2400,24,00,null,null,null,null
2401,24,01,null,null,null,null
2402,24,02,null,null,null,null
2403,24,03,null,null,null,null
2404,24,04,null,null,null,null
2405,24,05,null,null,null,null
2406,24,06,109.6277778,15.66666667,32.33333333,64.44444444
2407,24,07,97.46666667,16,37.5,61.5
2408,24,08,104.7,17.66666667,42,68.33333333
2409,24,09,178.3555556,16.77777778,41.55555556,76.22222222
2410,24,10,147.7,21.66666667,42,69.83333333
2411,24,11,127.6666667,25.33333333,39.16666667,69.16666667
2412,24,12,93.01111111,15.44444444,39.22222222,69.33333333
2413,24,13,88.46666667,15.5,38,73.66666667
2414,24,14,83.16666667,17.66666667,43.5,76.16666667
2415,24,15,null,null,null,null
2416,24,16,null,null,null,null
2417,24,17,null,null,null,null
2418,24,18,null,null,null,null
2419,24,19,null,null,null,null
2420,24,20,null,null,null,null
2421,24,21,null,null,null,null
2422,24,22,null,null,null,null
2423,24,23,null,null,null,null
2424,24,24,null,null,null,null
2425,24,25,null,null,null,null
2426,24,26,null,null,null,null
2427,24,27,null,null,null,null
2428,24,28,null,null,null,null
2429,24,29,null,null,null,null
2430,24,30,null,null,null,null
2431,24,31,null,null,null,null
2432,24,32,null,null,null,null
2500,25,00,null,null,null,null
2501,25,01,null,null,null,null
2502,25,02,null,null,null,null
2503,25,03,null,null,null,null
2504,25,04,null,null,null,null
2505,25,05,108.6166667,15.75,35.5,68
2506,25,06,115.6,19,50.33333333,79.66666667
2507,25,07,118.8333333,20.5,43,90
2508,25,08,114.1,17.75,39,69.25
2509,25,09,115.7333333,15.33333333,38.66666667,71
2510,25,10,165.4,14,40.5,72.5
2511,25,11,107.15,16,43.5,72.25
2512,25,12,92.06666667,15.33333333,46.66666667,72.16666667
2513,25,13,90.83333333,17,42.25,74
2514,25,14,null,null,null,null
2515,25,15,null,null,null,null
2516,25,16,null,null,null,null
2517,25,17,null,null,null,null
2518,25,18,null,null,null,null
2519,25,19,null,null,null,null
2520,25,20,null,null,null,null
2521,25,21,null,null,null,null
2522,25,22,null,null,null,null
2523,25,23,null,null,null,null
2524,25,24,null,null,null,null
2525,25,25,null,null,null,null
2526,25,26,null,null,null,null
2527,25,27,null,null,null,null
2528,25,28,null,null,null,null
2529,25,29,null,null,null,null
2530,25,30,null,null,null,null
2531,25,31,null,null,null,null
2532,25,32,null,null,null,null
2600,26,00,null,null,null,null
2601,26,01,null,null,null,null
2602,26,02,null,null,null,null
2603,26,03,null,null,null,null
2604,26,04,112.1666667,13.5,34.66666667,61.16666667
2605,26,05,113.6,19,49,75
2606,26,06,153.1333333,19,58.66666667,87.83333333
2607,26,07,151.3,18,44,82.25
2608,26,08,124.3,14,41.5,74
2609,26,09,124.2333333,14.5,43,71
2610,26,10,128.65,15,48.5,69.5
2611,26,11,103.4833333,14.75,48,69.25
2612,26,12,91.13333333,15.33333333,44.16666667,68
2613,26,13,88.18333333,15.75,41.5,76.25
2614,26,14,null,null,null,null
2615,26,15,null,null,null,null
2616,26,16,null,null,null,null
2617,26,17,null,null,null,null
2618,26,18,null,null,null,null
2619,26,19,null,null,null,null
2620,26,20,null,null,null,null
2621,26,21,null,null,null,null
2622,26,22,null,null,null,null
2623,26,23,null,null,null,null
2624,26,24,null,null,null,null
2625,26,25,null,null,null,null
2626,26,26,null,null,null,null
2627,26,27,null,null,null,null
2628,26,28,null,null,null,null
2629,26,29,null,null,null,null
2630,26,30,null,null,null,null
2631,26,31,null,null,null,null
2632,26,32,null,null,null,null
2700,27,00,null,null,null,null
2701,27,01,null,null,null,null
2702,27,02,null,null,null,null
2703,27,03,106,15.83333333,36.83333333,61
2704,27,04,103.5666667,17,39.44444444,69.22222222
2705,27,05,105.9333333,17.33333333,54.33333333,75
2706,27,06,157.8944444,77.11111111,64.22222222,157.2222222
2707,27,07,181.4,20.66666667,55.66666667,83.83333333
2708,27,08,199.8166667,21.5,53.33333333,74.16666667
2709,27,09,155.0222222,17.55555556,47.55555556,73.11111111
2710,27,10,129.3833333,15.83333333,59.5,72
2711,27,11,108.2,14.16666667,53.83333333,75.16666667
2712,27,12,90.63333333,14.88888889,44.11111111,71.77777778
2713,27,13,84.66666667,16.5,42.16666667,73.66666667
2714,27,14,null,null,null,null
2715,27,15,null,null,null,null
2716,27,16,null,null,null,null
2717,27,17,null,null,null,null
2718,27,18,null,null,null,null
2719,27,19,null,null,null,null
2720,27,20,null,null,null,null
2721,27,21,null,null,null,null
2722,27,22,null,null,null,null
2723,27,23,null,null,null,null
2724,27,24,null,null,null,null
2725,27,25,null,null,null,null
2726,27,26,null,null,null,null
2727,27,27,null,null,null,null
2728,27,28,null,null,null,null
2729,27,29,null,null,null,null
2730,27,30,null,null,null,null
2731,27,31,null,null,null,null
2732,27,32,null,null,null,null
2800,28,00,null,null,null,null
2801,28,01,null,null,null,null
2802,28,02,102.4,17.5,39.5,66
2803,28,03,104.1,17,41.5,70
2804,28,04,103.7166667,17,44.33333333,68.33333333
2805,28,05,101.4333333,17,49,70
2806,28,06,131.8333333,16,62.16666667,79.16666667
2807,28,07,174.8833333,15,56.25,77
2808,28,08,191.55,21,49.5,75.75
2809,28,09,141.2666667,15.83333333,44.5,80.5
2810,28,10,123.1,18,53,70
2811,28,11,108.7166667,18,42,71
2812,28,12,95.4,16,42.5,69.16666667
2813,28,13,87.35,16,40.75,72.25
2814,28,14,null,null,null,null
2815,28,15,null,null,null,null
2816,28,16,null,null,null,null
2817,28,17,null,null,null,null
2818,28,18,null,null,null,null
2819,28,19,null,null,null,null
2820,28,20,null,null,null,null
2821,28,21,null,null,null,null
2822,28,22,null,null,null,null
2823,28,23,null,null,null,null
2824,28,24,null,null,null,null
2825,28,25,null,null,null,null
2826,28,26,null,null,null,null
2827,28,27,null,null,null,null
2828,28,28,null,null,null,null
2829,28,29,null,null,null,null
2830,28,30,null,null,null,null
2831,28,31,null,null,null,null
2832,28,32,null,null,null,null
2900,29,00,null,null,null,null
2901,29,01,110.4666667,15.16666667,37.33333333,65.83333333
2902,29,02,103.17,16.5,42,69
2903,29,03,96.85555556,17.5,43,78
2904,29,04,100.0666667,17.83333333,48,78.5
2905,29,05,104.2888889,17,52.25,77.25
2906,29,06,133.3,15.33333333,63.83333333,76.66666667
2907,29,07,166.3,13.25,49.75,72.5
2908,29,08,175.55,17,44.5,72.5
2909,29,09,141.2,13.33333333,42.5,75.33333333
2910,29,10,106.7,22,45,71
2911,29,11,110.0666667,20,43,84
2912,29,12,99.1,16.66666667,38.66666667,72.66666667
2913,29,13,93.86666667,15,38.5,74.5
2914,29,14,null,null,null,null
2915,29,15,null,null,null,null
2916,29,16,null,null,null,null
2917,29,17,null,null,null,null
2918,29,18,null,null,null,null
2919,29,19,null,null,null,null
2920,29,20,null,null,null,null
2921,29,21,null,null,null,null
2922,29,22,null,null,null,null
2923,29,23,null,null,null,null
2924,29,24,null,null,null,null
2925,29,25,null,null,null,null
2926,29,26,null,null,null,null
2927,29,27,null,null,null,null
2928,29,28,null,null,null,null
2929,29,29,null,null,null,null
2930,29,30,null,null,null,null
2931,29,31,null,null,null,null
2932,29,32,null,null,null,null
3000,30,00,155.3571429,199.5,121.5,120.8333333
3001,30,01,143.5777778,27.66666667,70.66666667,98.66666667
3002,30,02,120.5266667,24,62.33333333,87.66666667
3003,30,03,109.3,19.33333333,55.33333333,81.33333333
3004,30,04,103.0333333,18,54.88888889,81.88888889
3005,30,05,112.3333333,16.16666667,48.66666667,83
3006,30,06,124.1222222,16.33333333,61.55555556,76.66666667
3007,30,07,137.0666667,15.66666667,63.33333333,76.83333333
3008,30,08,129.3,15,52.66666667,72
3009,30,09,128.3444444,13.88888889,43.66666667,72
3010,30,10,105.9166667,13.33333333,40.33333333,73.66666667
3011,30,11,101.0333333,15.5,41.33333333,75
3012,30,12,112.1888889,13.44444444,40.11111111,71.44444444
3013,30,13,91.96666667,15.5,40.33333333,77.66666667
3014,30,14,87.06666667,18,44.16666667,82.16666667
3015,30,15,null,null,null,null
3016,30,16,null,null,null,null
3017,30,17,null,null,null,null
3018,30,18,null,null,null,null
3019,30,19,null,null,null,null
3020,30,20,null,null,null,null
3021,30,21,null,null,null,null
3022,30,22,null,null,null,null
3023,30,23,null,null,null,null
3024,30,24,null,null,null,null
3025,30,25,null,null,null,null
3026,30,26,null,null,null,null
3027,30,27,null,null,null,null
3028,30,28,null,null,null,null
3029,30,29,null,null,null,null
3030,30,30,null,null,null,null
3031,30,31,null,null,null,null
3032,30,32,null,null,null,null
3100,31,00,null,null,null,null
3101,31,01,208.6666667,189,97.33333333,167.3333333
3102,31,02,169.35,29,78.5,110
3103,31,03,141.6333333,24.5,64.75,88
3104,31,04,125.9,20.5,53.66666667,82.33333333
3105,31,05,109.9333333,18.75,53.75,80.5
3106,31,06,115.8333333,17.33333333,58.83333333,76.83333333
3107,31,07,106.55,16.25,55.5,72
3108,31,08,118.6,15,47.75,73.5
3109,31,09,122.2333333,19.66666667,44.16666667,76.33333333
3110,31,10,100.45,17,43.5,76
3111,31,11,91.6,15,43.5,78.5
3112,31,12,94.73333333,15.33333333,43.66666667,75.33333333
3113,31,13,100.6666667,15,44,73.5
3114,31,14,87.7,16.25,41,75
3115,31,15,null,null,null,null
3116,31,16,null,null,null,null
3117,31,17,null,null,null,null
3118,31,18,null,null,null,null
3119,31,19,null,null,null,null
3120,31,20,null,null,null,null
3121,31,21,null,null,null,null
3122,31,22,null,null,null,null
3123,31,23,null,null,null,null
3124,31,24,null,null,null,null
3125,31,25,null,null,null,null
3126,31,26,null,null,null,null
3127,31,27,null,null,null,null
3128,31,28,null,null,null,null
3129,31,29,null,null,null,null
3130,31,30,null,null,null,null
3131,31,31,null,null,null,null
3132,31,32,null,null,null,null
3200,32,00,null,null,null,null
3201,32,01,198.3666667,274.8333333,111.3333333,222.5
3202,32,02,138.0333333,39.25,77,116.75
3203,32,03,121.9333333,24.5,57,98.25
3204,32,04,115.3,20.66666667,57.83333333,86.5
3205,32,05,111.25,19.5,56,84.5
3206,32,06,108.4,18,49.83333333,77.16666667
3207,32,07,101.35,18,46,79.5
3208,32,08,112.5,15,44.5,71.25
3209,32,09,144.2,64.66666667,146.6666667,128
3210,32,10,108.05,27.25,50,86
3211,32,11,89.73333333,16.25,48.5,83
3212,32,12,94.33333333,15.33333333,44.66666667,77.66666667
3213,32,13,108.8333333,14.25,44.5,77
3214,32,14,86.7,16.25,43.25,81.25
3215,32,15,null,null,null,null
3216,32,16,null,null,null,null
3217,32,17,null,null,null,null
3218,32,18,null,null,null,null
3219,32,19,null,null,null,null
3220,32,20,null,null,null,null
3221,32,21,null,null,null,null
3222,32,22,null,null,null,null
3223,32,23,null,null,null,null
3224,32,24,null,null,null,null
3225,32,25,null,null,null,null
3226,32,26,null,null,null,null
3227,32,27,null,null,null,null
3228,32,28,null,null,null,null
3229,32,29,null,null,null,null
3230,32,30,null,null,null,null
3231,32,31,null,null,null,null
3232,32,32,null,null,null,null
3300,33,00,null,null,null,null
3301,33,01,null,null,null,null
3302,33,02,145.8333333,182.3333333,93,183.8333333
3303,33,03,140.7666667,35.33333333,66,124.8333333
3304,33,04,135.5555556,22,64.88888889,86
3305,33,05,116.7666667,22.66666667,56.83333333,82.33333333
3306,33,06,108.5222222,19.11111111,50,85.11111111
3307,33,07,107.9333333,18.33333333,46.16666667,81.33333333
3308,33,08,124.5333333,17.16666667,45.5,79
3309,33,09,126.4333333,19.55555556,45.55555556,96.88888889
3310,33,10,100.9833333,22.5,46,81.5
3311,33,11,88.2,17.5,45,77
3312,33,12,84.77777778,17.11111111,43.55555556,77.88888889
3313,33,13,86.26666667,16.83333333,45,79.66666667
3314,33,14,null,null,null,null
3315,33,15,null,null,null,null
3316,33,16,null,null,null,null
3317,33,17,null,null,null,null
3318,33,18,null,null,null,null
3319,33,19,null,null,null,null
3320,33,20,null,null,null,null
3321,33,21,null,null,null,null
3322,33,22,null,null,null,null
3323,33,23,null,null,null,null
3324,33,24,null,null,null,null
3325,33,25,null,null,null,null
3326,33,26,null,null,null,null
3327,33,27,null,null,null,null
3328,33,28,null,null,null,null
3329,33,29,null,null,null,null
3330,33,30,null,null,null,null
3331,33,31,null,null,null,null
3332,33,32,null,null,null,null
3400,34,00,null,null,null,null
3401,34,01,null,null,null,null
3402,34,02,160.5166667,267,297.75,188.5
3403,34,03,160.7,97.5,83,116.5
3404,34,04,156.4,26.33333333,70.66666667,99.83333333
3405,34,05,119.65,23,58.5,85
3406,34,06,110.5333333,19.33333333,51.16666667,85.66666667
3407,34,07,106.35,18,47.5,80.25
3408,34,08,130.05,17.75,46.5,78.75
3409,34,09,122.1833333,15.33333333,44.66666667,74.83333333
3410,34,10,93.4,16,43.5,75
3411,34,11,83.12222222,16,45,78
3412,34,12,81.2,18.33333333,45.66666667,79
3413,34,13,null,null,null,null
3414,34,14,null,null,null,null
3415,34,15,null,null,null,null
3416,34,16,null,null,null,null
3417,34,17,null,null,null,null
3418,34,18,null,null,null,null
3419,34,19,null,null,null,null
3420,34,20,null,null,null,null
3421,34,21,null,null,null,null
3422,34,22,null,null,null,null
3423,34,23,null,null,null,null
3424,34,24,null,null,null,null
3425,34,25,null,null,null,null
3426,34,26,null,null,null,null
3427,34,27,null,null,null,null
3428,34,28,null,null,null,null
3429,34,29,null,null,null,null
3430,34,30,null,null,null,null
3431,34,31,null,null,null,null
3432,34,32,null,null,null,null
3500,35,00,null,null,null,null
3501,35,01,null,null,null,null
3502,35,02,null,null,null,null
3503,35,03,186.8,65.83333333,145.8333333,209.1666667
3504,35,04,169.6,42,95.44444444,129.4444444
3505,35,05,150.6,37,75,114.8333333
3506,35,06,122.3111111,22.22222222,55.88888889,86.22222222
3507,35,07,123.3,19.16666667,51,84.16666667
3508,35,08,117.5333333,18.33333333,48.66666667,81.66666667
3509,35,09,98.14285714,16.66666667,45.11111111,80.66666667
3510,35,10,101.85,15.5,42.83333333,79.5
3511,35,11,93,17,46,79.5
3512,35,12,null,null,null,null
3513,35,13,null,null,null,null
3514,35,14,null,null,null,null
3515,35,15,null,null,null,null
3516,35,16,null,null,null,null
3517,35,17,null,null,null,null
3518,35,18,null,null,null,null
3519,35,19,null,null,null,null
3520,35,20,null,null,null,null
3521,35,21,null,null,null,null
3522,35,22,null,null,null,null
3523,35,23,null,null,null,null
3524,35,24,null,null,null,null
3525,35,25,null,null,null,null
3526,35,26,null,null,null,null
3527,35,27,null,null,null,null
3528,35,28,null,null,null,null
3529,35,29,null,null,null,null
3530,35,30,null,null,null,null
3531,35,31,null,null,null,null
3532,35,32,null,null,null,null
3600,36,00,null,null,null,null
3601,36,01,null,null,null,null
3602,36,02,null,null,null,null
3603,36,03,170.15,346.5,335.5,306.5
3604,36,04,143.4333333,33.66666667,90.66666667,113
3605,36,05,136.15,27.75,71,115.75
3606,36,06,136.9666667,23.83333333,54.5,96
3607,36,07,115.75,18.5,52.5,85
3608,36,08,94.99,20.5,51,80
3609,36,09,96.13333333,18.66666667,47.66666667,79.66666667
3610,36,10,107.65,18.25,47.5,83
3611,36,11,null,null,null,null
3612,36,12,null,null,null,null
3613,36,13,null,null,null,null
3614,36,14,null,null,null,null
3615,36,15,null,null,null,null
3616,36,16,null,null,null,null
3617,36,17,null,null,null,null
3618,36,18,null,null,null,null
3619,36,19,null,null,null,null
3620,36,20,null,null,null,null
3621,36,21,null,null,null,null
3622,36,22,null,null,null,null
3623,36,23,null,null,null,null
3624,36,24,null,null,null,null
3625,36,25,null,null,null,null
3626,36,26,null,null,null,null
3627,36,27,null,null,null,null
3628,36,28,null,null,null,null
3629,36,29,null,null,null,null
3630,36,30,null,null,null,null
3631,36,31,null,null,null,null
3632,36,32,null,null,null,null
3700,37,00,null,null,null,null
3701,37,01,null,null,null,null
3702,37,02,null,null,null,null
3703,37,03,188.75,367.5,292.25,302.25
3704,37,04,144.7,46.16666667,157.6666667,172
3705,37,05,125.7,26.5,70,106.5
3706,37,06,112.2,23.83333333,61,101.3333333
3707,37,07,99.55,19,51.75,92
3708,37,08,93.26666667,19.5,50.5,88.5
3709,37,09,90.36666667,19.16666667,49.66666667,79
3710,37,10,null,null,null,null
3711,37,11,null,null,null,null
3712,37,12,null,null,null,null
3713,37,13,null,null,null,null
3714,37,14,null,null,null,null
3715,37,15,null,null,null,null
3716,37,16,null,null,null,null
3717,37,17,null,null,null,null
3718,37,18,null,null,null,null
3719,37,19,null,null,null,null
3720,37,20,null,null,null,null
3721,37,21,null,null,null,null
3722,37,22,null,null,null,null
3723,37,23,null,null,null,null
3724,37,24,null,null,null,null
3725,37,25,null,null,null,null
3726,37,26,null,null,null,null
3727,37,27,null,null,null,null
3728,37,28,null,null,null,null
3729,37,29,null,null,null,null
3730,37,30,null,null,null,null
3731,37,31,null,null,null,null
3732,37,32,null,null,null,null
3800,38,00,null,null,null,null
3801,38,01,null,null,null,null
3802,38,02,null,null,null,null
3803,38,03,null,null,null,null
3804,38,04,166.8444444,162.2222222,433.2222222,319.3333333
3805,38,05,109.5,29.33333333,85.33333333,129.3333333
3806,38,06,100.7333333,24.55555556,63.55555556,105.7777778
3807,38,07,93.38333333,21.33333333,60.66666667,97.33333333
3808,38,08,90.03333333,19.66666667,57,94.5
3809,38,09,null,null,null,null
3810,38,10,null,null,null,null
3811,38,11,null,null,null,null
3812,38,12,null,null,null,null
3813,38,13,null,null,null,null
3814,38,14,null,null,null,null
3815,38,15,null,null,null,null
3816,38,16,null,null,null,null
3817,38,17,null,null,null,null
3818,38,18,null,null,null,null
3819,38,19,null,null,null,null
3820,38,20,null,null,null,null
3821,38,21,null,null,null,null
3822,38,22,null,null,null,null
3823,38,23,null,null,null,null
3824,38,24,null,null,null,null
3825,38,25,null,null,null,null
3826,38,26,null,null,null,null
3827,38,27,null,null,null,null
3828,38,28,null,null,null,null
3829,38,29,null,null,null,null
3830,38,30,null,null,null,null
3831,38,31,null,null,null,null
3832,38,32,null,null,null,null
3900,39,00,null,null,null,null
3901,39,01,null,null,null,null
3902,39,02,null,null,null,null
3903,39,03,null,null,null,null
3904,39,04,194.2333333,191.8333333,445.6666667,308.5
3905,39,05,104.3,33.5,84,143.25
3906,39,06,97.1,26,73.83333333,117
3907,39,07,null,null,null,null
3908,39,08,null,null,null,null
3909,39,09,null,null,null,null
3910,39,10,null,null,null,null
3911,39,11,null,null,null,null
3912,39,12,null,null,null,null
3913,39,13,null,null,null,null
3914,39,14,null,null,null,null
3915,39,15,null,null,null,null
3916,39,16,null,null,null,null
3917,39,17,null,null,null,null
3918,39,18,null,null,null,null
3919,39,19,null,null,null,null
3920,39,20,null,null,null,null
3921,39,21,null,null,null,null
3922,39,22,null,null,null,null
3923,39,23,null,null,null,null
3924,39,24,null,null,null,null
3925,39,25,null,null,null,null
3926,39,26,null,null,null,null
3927,39,27,null,null,null,null
3928,39,28,null,null,null,null
3929,39,29,null,null,null,null
3930,39,30,null,null,null,null
3931,39,31,null,null,null,null
3932,39,32,null,null,null,null
4000,40,00,null,null,null,null
4001,40,01,null,null,null,null
4002,40,02,null,null,null,null
4003,40,03,null,null,null,null
4004,40,04,261.6,439,397.3333333,345.1666667
4005,40,05,100.65,40,97.5,155.5
4006,40,06,null,null,null,null
4007,40,07,null,null,null,null
4008,40,08,null,null,null,null
4009,40,09,null,null,null,null
4010,40,10,null,null,null,null
4011,40,11,null,null,null,null
4012,40,12,null,null,null,null
4013,40,13,null,null,null,null
4014,40,14,null,null,null,null
4015,40,15,null,null,null,null
4016,40,16,null,null,null,null
4017,40,17,null,null,null,null
4018,40,18,null,null,null,null
4019,40,19,null,null,null,null
4020,40,20,null,null,null,null
4021,40,21,null,null,null,null
4022,40,22,null,null,null,null
4023,40,23,null,null,null,null
4024,40,24,null,null,null,null
4025,40,25,null,null,null,null
4026,40,26,null,null,null,null
4027,40,27,null,null,null,null
4028,40,28,null,null,null,null
4029,40,29,null,null,null,null
4030,40,30,null,null,null,null
4031,40,31,null,null,null,null
4032,40,32,null,null,null,null
4100,41,00,null,null,null,null
4101,41,01,null,null,null,null
4102,41,02,null,null,null,null
4103,41,03,null,null,null,null
4104,41,04,null,null,null,null
4105,41,05,null,null,null,null
4106,41,06,null,null,null,null
4107,41,07,null,null,null,null
4108,41,08,null,null,null,null
4109,41,09,null,null,null,null
4110,41,10,null,null,null,null
4111,41,11,null,null,null,null
4112,41,12,null,null,null,null
4113,41,13,null,null,null,null
4114,41,14,null,null,null,null
4115,41,15,null,null,null,null
4116,41,16,null,null,null,null
4117,41,17,null,null,null,null
4118,41,18,null,null,null,null
4119,41,19,null,null,null,null
4120,41,20,null,null,null,null
4121,41,21,null,null,null,null
4122,41,22,null,null,null,null
4123,41,23,null,null,null,null
4124,41,24,null,null,null,null
4125,41,25,null,null,null,null
4126,41,26,null,null,null,null
4127,41,27,null,null,null,null
4128,41,28,null,null,null,null
4129,41,29,null,null,null,null
4130,41,30,null,null,null,null
4131,41,31,null,null,null,null
4132,41,32,null,null,null,null